domain,operation,time
calendar,count,all
calendar,count,today
calendar,count,today_morning
calendar,count,today_day
calendar,count,today_afternoon
calendar,count,today_evening
calendar,count,tomorrow_morning
calendar,count,7d
calendar,count,30d
calendar,count,3m
calendar,count,1y
calendar,list,all
calendar,list,today
calendar,list,today_morning
calendar,list,today_day
calendar,list,today_afternoon
calendar,list,today_evening
calendar,list,tomorrow_morning
calendar,list,7d
calendar,list,30d
calendar,list,3m
calendar,list,1y
calendar,exists,all
calendar,exists,today
calendar,exists,today_morning
calendar,exists,today_day
calendar,exists,today_afternoon
calendar,exists,today_evening
calendar,exists,tomorrow_morning
calendar,exists,7d
calendar,exists,30d
calendar,exists,3m
calendar,exists,1y
calendar,sum,all
calendar,sum,today
calendar,sum,today_morning
calendar,sum,today_day
calendar,sum,today_afternoon
calendar,sum,today_evening
calendar,sum,tomorrow_morning
calendar,sum,7d
calendar,sum,30d
calendar,sum,3m
calendar,sum,1y
calendar,latest,all
calendar,latest,today
calendar,latest,today_morning
calendar,latest,today_day
calendar,latest,today_afternoon
calendar,latest,today_evening
calendar,latest,tomorrow_morning
calendar,latest,7d
calendar,latest,30d
calendar,latest,3m
calendar,latest,1y
reminders,count,all
reminders,count,today
reminders,count,today_morning
reminders,count,today_day
reminders,count,today_afternoon
reminders,count,today_evening
reminders,count,tomorrow_morning
reminders,count,7d
reminders,count,30d
reminders,count,3m
reminders,count,1y
reminders,list,all
reminders,list,today
reminders,list,today_morning
reminders,list,today_day
reminders,list,today_afternoon
reminders,list,today_evening
reminders,list,tomorrow_morning
reminders,list,7d
reminders,list,30d
reminders,list,3m
reminders,list,1y
reminders,exists,all
reminders,exists,today
reminders,exists,today_morning
reminders,exists,today_day
reminders,exists,today_afternoon
reminders,exists,today_evening
reminders,exists,tomorrow_morning
reminders,exists,7d
reminders,exists,30d
reminders,exists,3m
reminders,exists,1y
reminders,sum,all
reminders,sum,today
reminders,sum,today_morning
reminders,sum,today_day
reminders,sum,today_afternoon
reminders,sum,today_evening
reminders,sum,tomorrow_morning
reminders,sum,7d
reminders,sum,30d
reminders,sum,3m
reminders,sum,1y
reminders,latest,all
reminders,latest,today
reminders,latest,today_morning
reminders,latest,today_day
reminders,latest,today_afternoon
reminders,latest,today_evening
reminders,latest,tomorrow_morning
reminders,latest,7d
reminders,latest,30d
reminders,latest,3m
reminders,latest,1y
mail,count,all
mail,count,today
mail,count,today_morning
mail,count,today_day
mail,count,today_afternoon
mail,count,today_evening
mail,count,tomorrow_morning
mail,count,7d
mail,count,30d
mail,count,3m
mail,count,1y
mail,list,all
mail,list,today
mail,list,today_morning
mail,list,today_day
mail,list,today_afternoon
mail,list,today_evening
mail,list,tomorrow_morning
mail,list,7d
mail,list,30d
mail,list,3m
mail,list,1y
mail,exists,all
mail,exists,today
mail,exists,today_morning
mail,exists,today_day
mail,exists,today_afternoon
mail,exists,today_evening
mail,exists,tomorrow_morning
mail,exists,7d
mail,exists,30d
mail,exists,3m
mail,exists,1y
mail,sum,all
mail,sum,today
mail,sum,today_morning
mail,sum,today_day
mail,sum,today_afternoon
mail,sum,today_evening
mail,sum,tomorrow_morning
mail,sum,7d
mail,sum,30d
mail,sum,3m
mail,sum,1y
mail,latest,all
mail,latest,today
mail,latest,today_morning
mail,latest,today_day
mail,latest,today_afternoon
mail,latest,today_evening
mail,latest,tomorrow_morning
mail,latest,7d
mail,latest,30d
mail,latest,3m
mail,latest,1y
notes,count,all
notes,count,today
notes,count,today_morning
notes,count,today_day
notes,count,today_afternoon
notes,count,today_evening
notes,count,tomorrow_morning
notes,count,7d
notes,count,30d
notes,count,3m
notes,count,1y
notes,list,all
notes,list,today
notes,list,today_morning
notes,list,today_day
notes,list,today_afternoon
notes,list,today_evening
notes,list,tomorrow_morning
notes,list,7d
notes,list,30d
notes,list,3m
notes,list,1y
notes,exists,all
notes,exists,today
notes,exists,today_morning
notes,exists,today_day
notes,exists,today_afternoon
notes,exists,today_evening
notes,exists,tomorrow_morning
notes,exists,7d
notes,exists,30d
notes,exists,3m
notes,exists,1y
notes,sum,all
notes,sum,today
notes,sum,today_morning
notes,sum,today_day
notes,sum,today_afternoon
notes,sum,today_evening
notes,sum,tomorrow_morning
notes,sum,7d
notes,sum,30d
notes,sum,3m
notes,sum,1y
notes,latest,all
notes,latest,today
notes,latest,today_morning
notes,latest,today_day
notes,latest,today_afternoon
notes,latest,today_evening
notes,latest,tomorrow_morning
notes,latest,7d
notes,latest,30d
notes,latest,3m
notes,latest,1y
files,count,all
files,count,today
files,count,today_morning
files,count,today_day
files,count,today_afternoon
files,count,today_evening
files,count,tomorrow_morning
files,count,7d
files,count,30d
files,count,3m
files,count,1y
files,list,all
files,list,today
files,list,today_morning
files,list,today_day
files,list,today_afternoon
files,list,today_evening
files,list,tomorrow_morning
files,list,7d
files,list,30d
files,list,3m
files,list,1y
files,exists,all
files,exists,today
files,exists,today_morning
files,exists,today_day
files,exists,today_afternoon
files,exists,today_evening
files,exists,tomorrow_morning
files,exists,7d
files,exists,30d
files,exists,3m
files,exists,1y
files,sum,all
files,sum,today
files,sum,today_morning
files,sum,today_day
files,sum,today_afternoon
files,sum,today_evening
files,sum,tomorrow_morning
files,sum,7d
files,sum,30d
files,sum,3m
files,sum,1y
files,latest,all
files,latest,today
files,latest,today_morning
files,latest,today_day
files,latest,today_afternoon
files,latest,today_evening
files,latest,tomorrow_morning
files,latest,7d
files,latest,30d
files,latest,3m
files,latest,1y
photos,count,all
photos,count,today
photos,count,today_morning
photos,count,today_day
photos,count,today_afternoon
photos,count,today_evening
photos,count,tomorrow_morning
photos,count,7d
photos,count,30d
photos,count,3m
photos,count,1y
photos,list,all
photos,list,today
photos,list,today_morning
photos,list,today_day
photos,list,today_afternoon
photos,list,today_evening
photos,list,tomorrow_morning
photos,list,7d
photos,list,30d
photos,list,3m
photos,list,1y
photos,exists,all
photos,exists,today
photos,exists,today_morning
photos,exists,today_day
photos,exists,today_afternoon
photos,exists,today_evening
photos,exists,tomorrow_morning
photos,exists,7d
photos,exists,30d
photos,exists,3m
photos,exists,1y
photos,sum,all
photos,sum,today
photos,sum,today_morning
photos,sum,today_day
photos,sum,today_afternoon
photos,sum,today_evening
photos,sum,tomorrow_morning
photos,sum,7d
photos,sum,30d
photos,sum,3m
photos,sum,1y
photos,latest,all
photos,latest,today
photos,latest,today_morning
photos,latest,today_day
photos,latest,today_afternoon
photos,latest,today_evening
photos,latest,tomorrow_morning
photos,latest,7d
photos,latest,30d
photos,latest,3m
photos,latest,1y
contacts,count,all
contacts,count,today
contacts,count,today_morning
contacts,count,today_day
contacts,count,today_afternoon
contacts,count,today_evening
contacts,count,tomorrow_morning
contacts,count,7d
contacts,count,30d
contacts,count,3m
contacts,count,1y
contacts,list,all
contacts,list,today
contacts,list,today_morning
contacts,list,today_day
contacts,list,today_afternoon
contacts,list,today_evening
contacts,list,tomorrow_morning
contacts,list,7d
contacts,list,30d
contacts,list,3m
contacts,list,1y
contacts,exists,all
contacts,exists,today
contacts,exists,today_morning
contacts,exists,today_day
contacts,exists,today_afternoon
contacts,exists,today_evening
contacts,exists,tomorrow_morning
contacts,exists,7d
contacts,exists,30d
contacts,exists,3m
contacts,exists,1y
contacts,sum,all
contacts,sum,today
contacts,sum,today_morning
contacts,sum,today_day
contacts,sum,today_afternoon
contacts,sum,today_evening
contacts,sum,tomorrow_morning
contacts,sum,7d
contacts,sum,30d
contacts,sum,3m
contacts,sum,1y
contacts,latest,all
contacts,latest,today
contacts,latest,today_morning
contacts,latest,today_day
contacts,latest,today_afternoon
contacts,latest,today_evening
contacts,latest,tomorrow_morning
contacts,latest,7d
contacts,latest,30d
contacts,latest,3m
contacts,latest,1y
location,count,all
location,count,today
location,count,today_morning
location,count,today_day
location,count,today_afternoon
location,count,today_evening
location,count,tomorrow_morning
location,count,7d
location,count,30d
location,count,3m
location,count,1y
location,list,all
location,list,today
location,list,today_morning
location,list,today_day
location,list,today_afternoon
location,list,today_evening
location,list,tomorrow_morning
location,list,7d
location,list,30d
location,list,3m
location,list,1y
location,exists,all
location,exists,today
location,exists,today_morning
location,exists,today_day
location,exists,today_afternoon
location,exists,today_evening
location,exists,tomorrow_morning
location,exists,7d
location,exists,30d
location,exists,3m
location,exists,1y
location,sum,all
location,sum,today
location,sum,today_morning
location,sum,today_day
location,sum,today_afternoon
location,sum,today_evening
location,sum,tomorrow_morning
location,sum,7d
location,sum,30d
location,sum,3m
location,sum,1y
location,latest,all
location,latest,today
location,latest,today_morning
location,latest,today_day
location,latest,today_afternoon
location,latest,today_evening
location,latest,tomorrow_morning
location,latest,7d
location,latest,30d
location,latest,3m
location,latest,1y
memory,count,all
memory,count,today
memory,count,today_morning
memory,count,today_day
memory,count,today_afternoon
memory,count,today_evening
memory,count,tomorrow_morning
memory,count,7d
memory,count,30d
memory,count,3m
memory,count,1y
memory,list,all
memory,list,today
memory,list,today_morning
memory,list,today_day
memory,list,today_afternoon
memory,list,today_evening
memory,list,tomorrow_morning
memory,list,7d
memory,list,30d
memory,list,3m
memory,list,1y
memory,exists,all
memory,exists,today
memory,exists,today_morning
memory,exists,today_day
memory,exists,today_afternoon
memory,exists,today_evening
memory,exists,tomorrow_morning
memory,exists,7d
memory,exists,30d
memory,exists,3m
memory,exists,1y
memory,sum,all
memory,sum,today
memory,sum,today_morning
memory,sum,today_day
memory,sum,today_afternoon
memory,sum,today_evening
memory,sum,tomorrow_morning
memory,sum,7d
memory,sum,30d
memory,sum,3m
memory,sum,1y
memory,latest,all
memory,latest,today
memory,latest,today_morning
memory,latest,today_day
memory,latest,today_afternoon
memory,latest,today_evening
memory,latest,tomorrow_morning
memory,latest,7d
memory,latest,30d
memory,latest,3m
memory,latest,1y
